,name,subs,start_date
2,Sintica,9852,"Sep 1, 2012"
3,kubomusic,5,"Dec 16, 2020"
6,yejuniverse,1039,"Oct 26, 2020"
8,Colaway,1650,"Dec 27, 2017"
9,Monstercat,40,"Jan 14, 2012"
10,BatalhaDaAldeia,32,"Sep 24, 2018"
11,RelaxBeats,4,"Apr 18, 2017"
12,JokerTheAnarchist,215,"Jun 18, 2017"
13,mcd00dle,281,"Feb 20, 2019"
14,RollingLoud,800,"Jul 24, 2018"
15,Jessu,1044,"Jan 11, 2019"
18,HermanLi,436,"Jul 15, 2017"
20,antianrose,59,"Apr 2, 2019"
21,musiciscode,434,"Oct 18, 2017"
22,pykamusic,67,"May 18, 2019"
23,DJMissShelton,2980,"Mar 26, 2020"
24,VenusWorld,2200,"Mar 28, 2018"
25,TPAIN,1050,"Feb 26, 2016"
27,hakumai,2600,"Jan 13, 2016"
28,ortoPilot,4400,"Oct 21, 2009"
29,astravert,617,"Nov 4, 2016"
30,ChillhopMusic,175,"Jan 19, 2016"
35,HotBeatsTV,65,"Oct 21, 2018"
37,Ailenax,1216,"Aug 21, 2013"
38,CaptainJen_E,270,"Jun 30, 2018"
41,YoDa,479,"Aug 3, 2013"
42,c9judite,130,"Oct 12, 2014"
44,withDoc,74,"Mar 29, 2020"
45,kennybeats,1127,"Dec 11, 2019"
47,ZeratoR,13998,"Mar 25, 2013"
48,TheJebusCorner,65,"Jun 21, 2012"
49,SeolAhh,132,"Jul 26, 2020"
50,knxwledge,703,"May 22, 2017"
51,JoPlaysViolin,2000,"Nov 5, 2018"
52,pealeaf,331,"Jan 22, 2018"
54,PapiGaviTV,712,"Dec 18, 2014"
55,sunshineliveradio,26,"Apr 22, 2020"
58,willfox,172,"Dec 31, 2012"
59,ASOT,1000,"Oct 9, 2018"
60,itsTanuki,335,"May 11, 2021"
62,GlostikWilly,1241,"May 1, 2016"
63,SarahCoponat,600,"Feb 17, 2020"
64,Grym,556,"Oct 1, 2018"
65,spell316,17,"Apr 21, 2020"
66,AllThatRemains,330,"Mar 26, 2021"
67,supershigi,4000,"Jul 25, 2012"
69,AnnieGreen,250,"Jul 4, 2018"
71,ThomTree,3200,"Jan 1, 2015"
72,Carola,3617,"Dec 24, 2015"
73,Elesky,522,"Aug 1, 2018"
74,Quis_der_Barde,1800,"Feb 17, 2018"
75,BellsSpace,407,"Dec 12, 2020"
77,TechnoLiebenundLebenTV,334,"May 28, 2016"
78,MOGRA,22,"Jun 11, 2016"
79,lilcake,40,"Jun 18, 2016"
80,matthewkheafy,931,"Mar 27, 2017"
81,ThatViolinChick,210,"Jan 29, 2017"
82,OWN3D_Music,1,"Sep 10, 2020"
85,Halocene,4200,"May 13, 2015"
87,ThonggDeLonge,308,"Oct 15, 2020"
88,SECRET_GARDEN_DJ_REMINISE,24,"Apr 21, 2018"
89,The8BitDrummer,2852,"May 28, 2014"
90,alleykaydj,1046,"Oct 9, 2013"
92,SympulsMusic,583,"Jan 22, 2016"
93,Cheeseburger97,92,"Feb 10, 2014"
94,calvinthomasmusic,217,"May 29, 2018"
96,mechachoi,10,"Aug 31, 2015"
97,a_couple_streams,4200,"Feb 26, 2015"
100,Sardoche,1003,"Oct 28, 2013"
101,annelle,2,"Jan 15, 2017"
102,suuN,377,"Jun 14, 2014"
105,JonathanOng,398,"May 13, 2017"
106,veryhandsomebilly,284,"Jun 11, 2019"
108,AngelVivaldi,211,"Dec 28, 2018"
110,Daisy_Music,250,"Jan 8, 2018"
112,taucher66,122,"May 8, 2020"
113,MikeLeonShreds,614,"Apr 12, 2020"
114,DEEJAYFAMILY,192,"Jun 14, 2020"
115,ThessFischer,792,"Mar 20, 2020"
116,Maya,1908,"Jul 2, 2018"
117,montebooker,558,"Jan 10, 2016"
118,NikNocturnal,182,"Aug 11, 2017"
119,Lost_In_House,452,"Jun 24, 2014"
121,julienneby,4600,"Jun 4, 2019"
123,RestrictedEntertainment,916,"Apr 4, 2020"
124,gabrielanddresden,833,"Mar 19, 2020"
128,thisEguy,190,"Jul 16, 2014"
129,Chainbrain,942,"Dec 16, 2012"
130,DJQueTheMixologist,456,"Jun 26, 2020"
131,MaxWillowMusic,52,"Jun 18, 2020"
132,Thinkerbella,272,"Aug 17, 2020"
135,djflippp,296,"May 21, 2018"
136,RiskyBiscuitBand,506,"Apr 12, 2020"
139,philsmythmusic,47,"Jul 14, 2020"
140,Whistleface,1000,"Feb 4, 2016"
141,DJMikeMorino,1154,"May 20, 2019"
142,sabyspark,228,"Nov 23, 2019"
143,spacemanlive,0,"Sep 14, 2018"
144,daniel_dekay,457,"Apr 11, 2020"
148,CarlBrindle,65,"Jan 10, 2019"
149,djsebimusic,608,"Feb 26, 2016"
150,datsunnmusic,71,"Aug 27, 2018"
151,BeesustheDJ,252,"Apr 8, 2020"
154,sunfyretv,10,"May 13, 2016"
155,lara6683,5400,"Jan 19, 2015"
157,TurtlesAndChill,102,"Nov 22, 2017"
158,livharris,3400,"Jun 8, 2018"
159,Halbsteiv,1135,"Jun 14, 2018"
161,EtcKid,41,"Aug 15, 2016"
162,MaryJoLilac,31,"Jun 25, 2020"
164,LionaStone,180,"Nov 13, 2019"
165,SabrinaSoloShow,350,"Dec 21, 2019"
166,dj_urban_o,35,"Mar 16, 2020"
167,HANAWINS,3400,"Dec 10, 2015"
168,SuperStarO,431,"Aug 21, 2014"
169,upstv,1,"Dec 14, 2019"
172,JustJoeSyracuse,1600,"Oct 9, 2019"
174,MiaMetzMusic,780,"Jun 27, 2020"
175,ShintaLovesHouseMusic,818,"Apr 13, 2020"
178,amorosoviolin,29,"Jun 12, 2021"
179,LordAethelstan,1235,"Oct 28, 2020"
180,DJQM,80,"Aug 11, 2015"
181,DJMiyuki,3400,"Jan 6, 2015"
183,BelenJuradoMusic,726,"May 1, 2020"
184,PsycologicRJ,0,"May 2, 2020"
185,heybensena,901,"Dec 14, 2020"
186,StringPlayerGamer,433,"Oct 5, 2014"
189,just_lina,390,"Jan 27, 2016"
191,deadmau5,300,"Sep 13, 2014"
193,koshkamoroshka,43,"Jan 9, 2016"
194,lewloh,22,"Apr 9, 2020"
195,EndeBrothers,88,"Nov 13, 2020"
196,LizzVega,379,"Dec 12, 2014"
197,CaoinFitzMusic,65,"Mar 2, 2013"
198,voiceunmuted,182,"Aug 28, 2019"
200,pondelinp,157,"Jun 2, 2012"
202,claremeans,65,"Mar 7, 2016"
204,djcubalibre,0,"Apr 26, 2020"
205,CA_in_LA,3800,"Jul 16, 2018"
206,shykuroboo,514,"Aug 29, 2018"
207,FantasticPlastics,2000,"Feb 19, 2019"
209,vlouue,701,"Apr 2, 2018"
212,InsertScaryNameHere,2000,"Mar 15, 2020"
214,KevinCrownMusic,499,"May 4, 2020"
215,nickmira_,20,"Oct 7, 2018"
216,TeamShellinz,160,"Apr 7, 2020"
222,beatrixguitar,0,"Dec 2, 2020"
224,JOVIAN,368,"Jun 27, 2012"
225,DJEpik,522,"Mar 20, 2020"
226,BlueEyes_und_Sushi,300,"Sep 19, 2015"
229,reynlord,350,"Jul 22, 2018"
231,JenniferJess,65,"Apr 28, 2016"
232,Narilah,0,"Dec 10, 2014"
233,TipStevens,348,"Apr 30, 2016"
234,djicyice,596,"Apr 8, 2020"
236,TheTangerineClub,578,"Oct 4, 2013"
237,dj_nyx_86,844,"Aug 11, 2020"
240,CERIANmusic,0,"Mar 23, 2020"
244,ARIatHOME,606,"Nov 4, 2020"
247,TranceStation,65,"Aug 6, 2015"
249,JulieClark,228,"Jan 23, 2018"
253,TheSongery,78,"Mar 11, 2016"
257,bubbles,91,"Jun 20, 2021"
259,OfficialDJJohnRobinson,746,"Mar 14, 2020"
260,GregorleDahlDJ,497,"Jan 2, 2021"
261,G4non_Games,175,"Feb 14, 2013"
262,RobKovacs,252,"Oct 22, 2017"
263,iku_soul_aka_barsoulon,205,"May 12, 2020"
265,Wallsterix,34,"Jan 20, 2018"
266,FreshOMusic,94,"Jan 2, 2017"
267,BALKONPARTY_IM_WOHNZIMMER,361,"Nov 29, 2020"
268,soulinthehorn,157,"Apr 4, 2020"
269,Raquel,2800,"Jun 21, 2016"
270,Pandrezz,125,"Aug 9, 2015"
273,Spursito,730,"Oct 15, 2015"
276,lilypichu,2710,"Jun 6, 2012"
279,MattWaldenAC,400,"Sep 8, 2018"
280,CanKahveci,1030,"Jan 3, 2019"
283,JordinLaine,517,"Apr 15, 2019"
284,Makineros90,225,"Feb 15, 2017"
285,VlastimilVibes,131,"Aug 12, 2020"
287,chrisundermind,246,"Mar 19, 2020"
288,supercatkei,415,"Feb 4, 2019"
290,DJSlave1,3200,"Mar 15, 2020"
291,faezaria,164,"Jan 16, 2015"
293,66Samus,1000,"Jan 6, 2018"
294,lucidmonday,14,"Apr 2, 2020"
296,MissJuneDJ,172,"Apr 26, 2016"
297,SelectaJinx,389,"Apr 23, 2020"
299,GeneHoglan,89,"Apr 20, 2020"
300,shortkut,1,"Mar 17, 2020"
301,Ann_Yazkova,296,"Mar 5, 2021"
303,SethDrums,1051,"Feb 6, 2017"
304,MysterySchoolUS,4200,"Aug 28, 2018"
306,ZoeWrenMusic,0,"Mar 18, 2020"
309,MeadowFox,1400,"Mar 8, 2017"
310,zzzorza,258,"Mar 18, 2020"
313,80sDanceParty,10,"Apr 19, 2020"
315,KROGMANN,52,"Apr 20, 2015"
316,NoCopyrightSounds,10,"Jul 20, 2013"
318,GrantTruesdellUTA,1327,"Mar 26, 2020"
320,Musicman1017,422,"Mar 19, 2020"
321,Hamooniii,593,"May 2, 2020"
322,sayanoe,2200,"Sep 1, 2018"
323,RO0PE,3800,"Sep 7, 2018"
324,MahetiRecords,256,"Jun 17, 2016"
327,Dj_Descent,179,"Apr 22, 2015"
328,xmerghani,1175,"Jul 8, 2014"
333,DanDrumStone,454,"Jul 27, 2015"
335,ColleenDaunceyMusic,139,"Dec 31, 2020"
336,JulienBelhumeur,365,"Feb 7, 2019"
337,TylerLevsMusic,486,"Nov 19, 2016"
338,CG5Music,35,"Nov 27, 2015"
340,xth0rek,1024,"Aug 22, 2014"
342,EnricoSilvestrin,473,"Oct 1, 2016"
343,ExLibrisOfficial,314,"Feb 1, 2018"
345,omgloudmouth,1456,"Sep 23, 2020"
346,AndyTheFrenchy,258,"Oct 17, 2018"
350,ViciousCode,174,"Nov 14, 2013"
351,iyamaCat,226,"Jul 31, 2019"
352,jasmin_music,600,"Jul 17, 2017"
353,DJFranzen,289,"Mar 21, 2020"
354,djEvangel,292,"Apr 5, 2020"
355,studimusic,3400,"Sep 12, 2014"
358,DjAristotle,509,"May 3, 2020"
359,jasonneubauer,0,"Dec 24, 2017"
360,AliceVerano_DJ,181,"May 11, 2020"
361,VinylJunkies,48,"Oct 10, 2017"
362,Anjuna,1800,"Mar 30, 2015"
363,CaptainHorren,401,"Mar 6, 2012"
364,DJMISSILE,138,"Jun 20, 2019"
365,XiJaroAndPitch,0,"Apr 3, 2020"
367,NoemiBlack,204,"Feb 3, 2021"
368,EYESHAofficial,414,"Aug 14, 2020"
369,NathanV,50,"Oct 27, 2014"
370,Arilyna,1800,"Jul 11, 2015"
372,welcome2bishu,910,"Apr 23, 2016"
373,ChrisPunsalan,216,"Apr 18, 2020"
374,ALEX_AGORE,242,"Nov 12, 2020"
375,djMoases,185,"Nov 25, 2014"
376,LanaDJ,546,"Mar 6, 2021"
378,luckraok,35,"Mar 17, 2020"
380,atypiano,38,"Aug 5, 2020"
381,TechnoConnectsPeople,107,"Nov 13, 2020"
382,MitchBruzzese,3400,"Mar 8, 2017"
388,cactusroom,55,"Jan 2, 2019"
390,DeejayRiMa,0,"Apr 19, 2020"
392,TheKidSeanMac,94,"May 23, 2020"
393,Phil_Luna,134,"Sep 4, 2020"
395,char_dj,348,"Mar 25, 2021"
396,DJSkoge,150,"Dec 7, 2017"
397,DJNickStyles,288,"Apr 22, 2020"
399,vickypsarakis,68,"May 20, 2020"
402,AqualoopTV,0,"Mar 23, 2020"
403,iacobeats,823,"Sep 27, 2018"
405,DJRayDomingo,143,"Mar 29, 2020"
407,MiltonTPike1,10000,"Apr 13, 2017"
409,DJScene,124,"Apr 4, 2020"
410,DJMeltingGirl,341,"Mar 17, 2020"
411,TranceFamilyCanada,271,"Apr 24, 2020"
412,shnaff,5400,"Feb 5, 2016"
416,YoungMulti,1516,"Feb 11, 2012"
417,Helmahof,10,"Mar 10, 2014"
420,danybpm,198,"Sep 23, 2018"
421,davidbannertv,50,"Mar 17, 2020"
422,robbflynn,65,"Mar 20, 2020"
423,AussieATL,10,"Jun 3, 2013"
425,jasminbeckmusic,289,"Mar 10, 2021"
427,fromguer,151,"Dec 3, 2017"
431,Phil_Calzone,50,"Apr 21, 2019"
433,jen_see,600,"Jan 27, 2018"
434,RAYMmusic,4800,"May 17, 2018"
437,PSYMILL,0,"Apr 27, 2019"
438,kamikazemixtape,73,"May 29, 2019"
441,BadmanOnline,350,"Sep 13, 2014"
442,PaulinPelivideot,1489,"Aug 10, 2012"
443,DJSNEAK,361,"Apr 10, 2020"
444,Patronic_,132,"Apr 7, 2015"
448,FrenchStallion,35,"Feb 16, 2012"
449,SELECTAGALIS,196,"Apr 27, 2020"
451,MindblastTV,50,"Mar 21, 2015"
453,RobsonBaroli,65,"Mar 6, 2016"
454,DJAlphaMusic,368,"Apr 1, 2020"
455,Smau___,4,"Apr 24, 2018"
456,YoungGun,356,"Jun 18, 2013"
460,BootieMashup,418,"Mar 13, 2020"
461,ErinShayLive,334,"Jul 5, 2020"
462,robdaboom,174,"Mar 24, 2020"
463,OfficialAndyPyro,4915,"Jul 13, 2013"
465,TheSushiDragon,758,"Jul 21, 2015"
467,JeanetteMusic,457,"Aug 4, 2017"
468,stylishnoob4,2850,"Nov 2, 2013"
471,FindTheRabbit,30,"Sep 27, 2015"
475,5050x2,85,"Mar 10, 2017"
476,gunselsenol,900,"Aug 14, 2019"
478,stargirlxstream,10,"Aug 10, 2020"
479,blklght,224,"Mar 29, 2020"
480,DJBrisk,278,"Dec 2, 2017"
481,djphlipz,376,"Mar 29, 2020"
482,LesDjsdeLEst,73,"Sep 10, 2020"
483,Tyler_Johnston,2200,"May 2, 2018"
484,Cavan_Te,5,"Sep 10, 2021"
485,sienimiili,1688,"Mar 12, 2015"
490,DJs_U_N_I,102,"Apr 5, 2020"
491,graceful_addison,127,"Apr 15, 2021"
492,tbmarkus,3400,"Aug 5, 2018"
493,djbizzon,265,"Jan 29, 2020"
495,djrichierichdetroit,256,"Nov 22, 2020"
496,TheodorElfving,7,"Jul 10, 2014"
497,SoulHikers,254,"Oct 29, 2020"
498,clairepics,7000,"Oct 3, 2017"
499,Suzyroxx,205,"Feb 19, 2019"
500,SuperFlu_Music,126,"Mar 15, 2020"
501,birdcageradio,23,"Mar 27, 2020"
502,amadeus_music,2,"Aug 25, 2018"
503,DaxplosionDJ,193,"Jun 26, 2020"
504,JayFrog,65,"Jun 18, 2015"
508,DEVN6_official,2,"Mar 26, 2020"
510,ParatronixTV,1200,"Mar 14, 2020"
513,OldButGoldParty,65,"Mar 23, 2020"
514,PianoRyanYT,146,"Jun 26, 2019"
516,ChillRob,14,"Nov 24, 2019"
517,ThugShells,481,"Jun 9, 2019"
518,OhhClaire,416,"Jan 1, 2019"
520,drezzdie,131,"Nov 4, 2015"
521,RoxyGunnProject,167,"Aug 6, 2020"
523,DJKrisCut,83,"Mar 21, 2020"
524,JoshuaWooMusic,78,"Mar 14, 2018"
525,djlivv,125,"Mar 21, 2020"
526,Mr4K6,0,"Jun 9, 2018"
530,closureclub,175,"Jan 14, 2020"
531,iknowdjlv,0,"Apr 10, 2020"
532,JonLiMusic,362,"Jul 16, 2020"
536,PianistkaKatrine,109,"Dec 24, 2018"
537,Violin_Julezworld,154,"Jun 10, 2021"
538,MelissaLammMusic,166,"Jun 1, 2018"
539,thaPHLASH,119,"Mar 21, 2017"
541,DanSugarman,36,"Mar 23, 2016"
544,Animeshon_Music,0,"Dec 1, 2017"
545,DJ_C_Wied,50,"Nov 3, 2018"
546,p0lyt0xxx,88,"Jun 27, 2018"
548,DJRemark,10,"Mar 28, 2020"
550,ThisIsDayZero,35,"Aug 16, 2018"
551,ifas_core,1649,"Feb 14, 2020"
556,cheskachunes,324,"Jan 14, 2019"
558,iAMDJiBAY,120,"Apr 11, 2020"
560,VDJTaShi,37,"Mar 27, 2020"
564,DjMissNinja,17,"Oct 17, 2018"
565,ExtravaganzaRadio,10,"Jan 14, 2021"
567,DJOMINAYA,223,"May 1, 2020"
568,MamaDre69,126,"Mar 30, 2020"
570,EtownJunglists,109,"Mar 22, 2020"
571,southeymusic,384,"Aug 13, 2018"
572,JesseBoy,13,"Apr 17, 2020"
574,HONEYCOMBeatbox,239,"Nov 19, 2014"
576,sashiBOOM,330,"Sep 19, 2020"
580,ZeROBADASS,1313,"Feb 26, 2012"
581,DJ_Yula,181,"Feb 20, 2019"
583,DJBILLBH,94,"May 16, 2020"
585,dawnperignon,0,"Apr 5, 2020"
586,SamanthaTaylorMusic,35,"Nov 11, 2020"
587,DJ_Ghost_Rayder,479,"Apr 24, 2020"
590,SkipNhO,374,"Jun 2, 2014"
592,norkstyle,65,"Mar 24, 2019"
596,kitsch,1600,"Oct 27, 2015"
598,Insomniac_rap,192,"Jan 8, 2018"
599,DJEverett1996,77,"Nov 18, 2017"
600,Mind1,260,"Oct 25, 2016"
601,LilyPita,131,"Sep 3, 2020"
602,OfficialMikeShinoda,2200,"Mar 17, 2020"
603,ChewieMelodies,2600,"Aug 2, 2014"
604,ThatDifferentDj,102,"Apr 15, 2020"
605,CarteBlanche88,34,"May 7, 2020"
607,mattsuarezmusic,16,"Mar 13, 2018"
609,AlbinaOfficial,719,"Dec 23, 2020"
611,ninimusic1001,277,"Oct 8, 2019"
615,OtterlyMusic,384,"May 11, 2020"
616,FeierBockTv,144,"Mar 17, 2020"
617,djmikeydejonker,65,"Jan 12, 2021"
619,jvna,2000,"Jan 18, 2018"
620,MermaidUnicorn,3000,"Mar 17, 2018"
621,4GAARD,20,"Dec 27, 2019"
623,CR_rion,247,"Mar 25, 2017"
625,djilluzion,55,"May 15, 2020"
627,This_Is_AND,152,"Mar 5, 2014"
628,Bobczak,124,"Dec 13, 2012"
630,jonathanymusic,73,"Aug 2, 2015"
632,EricaNagashima,472,"Jan 7, 2019"
633,Shotgun_Shima,137,"May 17, 2020"
634,DJLaniLove,35,"Nov 20, 2017"
637,ArielPetrie,65,"Oct 23, 2014"
642,davidfrankdrums,580,"May 30, 2019"
644,moniquewinning,7,"Aug 3, 2021"
646,KristiKates,1800,"Jan 18, 2015"
647,DJMeloD,169,"Feb 16, 2016"
651,TrizPariz,634,"Mar 3, 2019"
655,Harddried,40,"Aug 12, 2017"
656,karacomparetto,42,"Jan 29, 2019"
658,DjAmber_D,254,"Apr 25, 2015"
659,MandyPrater,97,"Aug 5, 2020"
660,djmorsecode,66,"Apr 23, 2020"
661,inthezoneentertainment,35,"Aug 14, 2019"
662,aihhho,300,"Apr 24, 2017"
665,DJ_BreckOne,200,"Apr 6, 2020"
667,TobiGiri,79,"Jun 10, 2020"
668,Nifra,125,"Mar 19, 2020"
669,DJPoLiSHXL,90,"Nov 26, 2020"
670,WastedPenguinzOfficial,262,"Mar 8, 2017"
671,NViolentOfficial,300,"Mar 18, 2016"
673,RechtEckOhneEcken,1200,"Mar 17, 2016"
674,dehnismaster,20,"Jan 28, 2021"
675,itsGemmaEdwards,30,"Mar 17, 2020"
676,Xaeela,65,"Jul 3, 2020"
677,BlakeGer,5,"Jul 29, 2015"
678,DJ_Attila,78,"Jan 8, 2020"
679,Kintsuku,250,"Mar 27, 2018"
681,Matu,110,"Jun 2, 2015"
684,FullblastRadio,28,"Mar 30, 2017"
685,justyle,900,"Nov 17, 2014"
687,DjChadFox,526,"Mar 18, 2020"
688,CourtneyVisser,151,"Mar 21, 2020"
689,CELEBRITYDRU,89,"Mar 24, 2020"
691,yorubasoultv,71,"Apr 2, 2020"
693,MOZG888VADIM,1600,"May 29, 2015"
695,LeeBuxton,140,"Apr 7, 2020"
696,Himechin,48,"May 8, 2016"
698,almightyjay,43,"Jan 5, 2018"
699,FREAKNOFREAK,100,"Jun 8, 2015"
702,JimGamesLive,20,"Feb 26, 2019"
703,Alanna_Matty,11,"Jul 18, 2019"
704,Mexi_Official,0,"Apr 17, 2014"
705,Flairandsound,103,"Mar 29, 2020"
708,iamCHRISRODGERS,77,"Jan 24, 2020"
710,Jekalez,178,"Sep 29, 2019"
714,Mrgregles,25,"Jan 28, 2017"
718,DJJayceeAtl,78,"Mar 29, 2020"
720,BusCrates,35,"Apr 6, 2020"
721,Nicetya,1200,"Sep 1, 2018"
729,martino_edwardo,145,"Apr 9, 2020"
730,IllmindProducer,100,"Nov 5, 2019"
732,theRealShooKon3,572,"Mar 13, 2013"
734,ChrisKayDanceMachine,10,"Sep 4, 2018"
735,DeejayManie,2,"Apr 20, 2020"
739,DjPaulSantana,198,"Mar 26, 2020"
740,IndiaGutierDj,236,"Jun 8, 2020"
746,kiiger,2200,"Mar 13, 2018"
750,djkemit,0,"Apr 4, 2020"
751,shmeede,76,"Nov 7, 2020"
755,TheNeoKELELims,325,"May 24, 2021"
757,daiisu,43,"Nov 5, 2019"
760,HugoMoroux,500,"Dec 14, 2015"
761,Akademiks,200,"Dec 28, 2014"
762,iamdjtwist,0,"May 8, 2020"
763,itsKayyluhh,166,"Oct 18, 2007"
764,GeisterweltNights,88,"Apr 11, 2020"
765,Loren_s2,0,"May 27, 2018"
766,DJCquence,350,"Apr 16, 2015"
769,don_pw,1,"Aug 20, 2014"
771,JustSamDJ,0,"Oct 9, 2012"
773,DJ_Gloor69,8,"Apr 3, 2020"
775,TRIODEOfficial,278,"Mar 29, 2020"
776,Ninamare,241,"Jun 28, 2020"
777,DJKRYSS_OFFICIAL,7,"Jul 29, 2021"
780,Andvari,3200,"Jan 7, 2015"
781,ziGueira,1044,"Jul 15, 2012"
784,djclass6,241,"Apr 28, 2020"
787,JamBreadMusic,180,"Jun 24, 2020"
788,MusikIstUnsereDNA,139,"Dec 28, 2020"
789,DJ_JayOGee,106,"Mar 28, 2020"
790,DJPodzTV,138,"Mar 11, 2014"
792,maxadrums,54,"Aug 31, 2011"
793,RedPartyNYC,30,"Apr 9, 2020"
795,bigduckenergymusic,1,"Sep 9, 2020"
796,ShoesHouse,101,"Apr 18, 2020"
799,Dusky_plays,1000,"Mar 11, 2015"
801,Mazuumusic,35,"May 6, 2020"
802,TheViolinHabit,3600,"Sep 2, 2019"
806,PONdENDS_RADIO,133,"May 18, 2018"
807,OGUMTV,619,"Jan 26, 2020"
808,House_Nation_Music,5,"Oct 5, 2020"
809,DJ_Shorty_K,20,"Jun 14, 2020"
813,CMillerMusic,250,"Aug 21, 2015"
814,OoDuckTV,23,"Jul 22, 2020"
815,AlpharadioTV,0,"Apr 1, 2020"
816,johnbbeta,518,"Jan 23, 2018"
818,KARETUS,65,"Jun 18, 2019"
820,AidenSomerville,143,"Oct 20, 2016"
821,meriamber,1600,"Jul 21, 2017"
825,CentralLucyPark,270,"May 2, 2019"
827,dj_enka,184,"Mar 23, 2020"
828,SaveAsYouWish,42,"Jun 11, 2016"
831,OBAKE_TV,216,"Apr 8, 2016"
832,TekkDad_vs_TekkMutti,192,"Apr 17, 2021"
833,maliarae,4,"May 4, 2016"
834,BirdmanExe,73,"Feb 10, 2015"
835,juicedrumandbass,161,"May 5, 2020"
837,mirko_machine,108,"Mar 20, 2020"
840,Ludgero_Rosas,119,"Feb 7, 2021"
841,dj_islas,20,"May 15, 2020"
842,dj_GuyWilliams,0,"Apr 12, 2020"
844,FrecklesMusic,73,"Dec 24, 2014"
848,djLiquidTodd,193,"Apr 25, 2020"
850,TubboLIVE,613,"Dec 19, 2019"
853,ERAVE365,0,"May 11, 2020"
856,BlueNekoTV,150,"May 18, 2020"
857,aDJcalledQUEST,116,"Jan 12, 2015"
858,DJ_Spen,125,"Dec 29, 2018"
860,RobbyFontanaLIVE,92,"Feb 19, 2021"
861,knumbthegeek,136,"Sep 12, 2018"
863,FrankTedesco_,178,"Aug 14, 2015"
864,TycoBae,0,"Jul 1, 2014"
865,Elemental_XII,5,"Oct 24, 2013"
868,AndrewKingsleyUTA,248,"Dec 25, 2019"
872,BangBros_FrankyB,29,"Mar 29, 2020"
873,PeterundderWolf_Berlin,91,"May 16, 2018"
874,MyLiveTube,199,"Mar 26, 2020"
875,DamienRKLive,0,"Mar 20, 2020"
877,joliet4,65,"Oct 19, 2014"
880,HAchubby,3200,"Feb 6, 2018"
881,Neldoreth_inf,10,"Apr 9, 2014"
882,TIG3R_HOODS,466,"Feb 21, 2019"
884,PatrickRichardsMusic,265,"Mar 25, 2020"
886,Liquid_Bongo,77,"Oct 11, 2019"
887,dj_luis_smooth,55,"Apr 10, 2020"
889,AlexKakoMusic,72,"Dec 16, 2020"
890,BogusForehead,2,"Jul 10, 2017"
892,bashatracks,0,"Apr 11, 2020"
893,mofalkmusic,200,"Jun 23, 2019"
894,FloydVader,187,"May 22, 2020"
895,Therealdjdarknite,104,"Apr 12, 2020"
896,magdahalina,200,"Mar 19, 2020"
897,mirabellejien,10,"Mar 20, 2020"
901,asanyf,10,"Mar 24, 2020"
902,djsupreme1live,136,"Apr 19, 2020"
906,NerdySingerKayt,2200,"Jul 17, 2019"
908,BenGSimon,890,"Apr 28, 2020"
912,wileycoyoteDJ,137,"Jan 25, 2020"
914,omarijazz,44,"Mar 28, 2020"
916,SPYGEA,1112,"Mar 9, 2010"
919,OllieGamerz,2347,"Nov 20, 2013"
922,dj_kingdom,140,"Apr 1, 2020"
924,KobiLAX,50,"May 5, 2018"
925,MistablackzReaction,127,"Apr 19, 2020"
926,NilsBomhoffLIVE,392,"Jul 29, 2013"
927,ADAMB4SS,7,"Apr 20, 2013"
928,DJ_Zitros,65,"Mar 17, 2020"
929,JahYzer,0,"Apr 6, 2020"
932,DrLeventBatu,253,"Jun 23, 2020"
933,KlubhausApolda,50,"Jun 10, 2020"
935,Heart_Of_Music,65,"Oct 4, 2019"
936,djtow3r,79,"Mar 17, 2020"
937,DarkraverOfficial,35,"Feb 24, 2017"
938,B_RealTV,100,"Nov 30, 2018"
939,Jussetain,446,"Jul 13, 2015"
940,Chris_Nitro,88,"Jun 23, 2020"
945,LoaLaLunaDj,91,"Jan 11, 2021"
946,TakamasaOwaki,151,"Sep 10, 2020"
947,ViktorNovatron,0,"Mar 19, 2020"
948,FacelessClown,65,"Sep 27, 2014"
950,kayleekim_,83,"Aug 20, 2018"
953,roastnreviewtv,188,"Mar 24, 2020"
956,JenniferLeeDj,34,"Apr 2, 2021"
